Software
Skillz Andrew Paradise aparadise@skillz.com 4157620511
Energy
EnviroSolar Power Abraham Issa agi@envirosolarpower.com 8885765270
Consumer Products & Services
Gametime Brad Griffith brad@gametime.co 
Consumer Products & Services
Club Pilates Franchise Anthony Geisler anthony@clubpilates.com 949-245-1828
Food & Beverage
Halo Top Creamery Justin Woolverton justin@halotop.com 8186811031
Financial Services
Small Business Owners of America James Moore jmoore@sbooa.com 6149757884
Software
AutomotiveMastermind Marco Schnabl marco@automotivemastermind.com 9148384401
Advertising & Marketing
Liftoff Mark Ellis mark@liftoff.io 650-319-7151
Energy
Greenspire David Murray david@greenspire.com 310-477-7686
Financial Services
FormulaFolio Investments Jason Wenk jwenk@formulafolios.com 616-226-8830
Food & Beverage
Single Serve Beverage Distribution Shlomo Birnbaum shlomo@ssbdistribution.com 6462942746
Logistics & Transportation
ShipHawk Jeremy Bodenhamer jeremy@shiphawk.com 805-880-4194
Health
Adva-Net Kenneth Hannigan khannigan@adva-net.com 412-670-2106
Advertising & Marketing
DashBid Rodger Wells rodger@dashbid.com 9177151687
Financial Services
Forward Financing Justin Bakes jbakes@forwardfinancing.com 888-244-9099
Health
Solera Specialty Pharmacy Nicholas Saraniti nick.s@solerarx.com 954-615-1840
Advertising & Marketing
Strike Social Patrick McKenna pmckenna@strikesocial.com 310-995-5653
Retail
Reverb.com David Kalt david@reverb.com 888-726-2728
Insurance
Excel Impact Alex Matseikovich alex@excelimpact.com 305-504-8938
Government Services
DGC International Mustafa Zamani mzamani@dgci.com 703-652-6056
Logistics & Transportation
Shofur Armir Harris armir@shofur.com 4044083379
Business Products & Services
GrowthPlay Dan Weinfurter dweinfurter@growthplay.com 3122816611
Energy
California Commerical Solar Dylan Dupre dylan@calcomsolar.com 415-320-3855
Energy
ION Solar Matt Rasmussen mr@ionsolar.com 801-787-3979
Media
The Penny Hoarder Kyle Taylor kyle@thepennyhoarder.com 727-317-5800
Media
Matterport Bill Brown bill@matterport.com 650-641-2241
Energy
Legend Solar Jed Alldredge jed@legendsolar.com 4353194060
Business Products & Services
SaviLinx Heather Blease hblease@savilinx.com 207-841-3446
Government Services
TechAnax Byron Athan byron.athan@techanax.com 571-285-3994
IT Services
Spar Information Systems Nagarjun G, Pankaj Midha arjun@sparinfosys.com 2015285315
Real Estate
Big Block Realty Sam Khorramian sam@bigblockrealty.com 858-518-1533
Business Products & Services
RelationEdge Matthew Stoyka mstoyka@relationedge.com 858-519-8210
Business Products & Services
Globalization Partners Nicole Sahin nicole.sahin@globalization-partners.com 6172850921
Retail
Carvana Ernie Garcia ernie.garcia@carvana.com 8003334554
Health
Axe Wellness Josh Axe drjoshaxe@gmail.com 6159758701
Government Services
Interactive Government Holdings Michael Sanders igh.ceo@interactivegov.com 202-549-0355
Human Resources
Bay State Search Ryan Murphy rmurphy@baystatesearch.com 617-204-1125
Government Services
Enhanced Veterans Solutions Mark Whitty mwhitty@enhancedvets.com 571-212-3681
Software
Dealer Inspire Joseph Chura jchura@dealerinspire.com 773-225-0542
Government Services
Na Ali'i Consulting and Sales Cariann Ah Loo cahloo@na-alii.com 808-445-9506
Food & Beverage
Dyla Neel Premkumar neel@dylabrands.com 312-576-0032
Construction
BlackRock Construction Adam Hergenrother ea@adamhergenrother.com 802-488-3450
Consumer Products & Services
MM.LaFleur Sarah Lafleur sarah@mmlafleur.com 2123004592
Business Products & Services
Lever1 Gregory Gragg ggragg@bluechairllc.com 816-591-6529
Consumer Products & Services
TrackR Chris Herbert, Christian Johan Smith chris@thetrackr.com 8586632577
